Ordenavel;NomeListado;Instituicao
Aizenman, Michael;Michael Aizenman;Princeton University
Alder, Berni J.;Berni J Alder;Lawrence Livermore National Laboratory
Aldous, David;David Aldous;University of California, Berkeley
Bell, John B.;John B. Bell;Lawrence Berkeley National Laboratory
Berger, James O.;James O. Berger;Duke University
Berger, Marsha J.;Marsha J. Berger;New York University
Bertozzi, Andrea L.;Andrea L. Bertozzi;University of California, Los Angeles
Bickel, Peter J.;Peter J. Bickel;University of California, Berkeley
Bramson, Maury D.;Maury D. Bramson;University of Minnesota
Bretherton, Christopher S.;Christopher S. Bretherton;University of Washington
Brezis, Haim;Haim Brezis;Rutgers, The State University of New Jersey, New Brunswick
Brown, Emery N.;Emery N. Brown;Harvard University
Caflisch, Russel E.;Russel E. Caflisch;New York University
Candes, Emmanuel J.;Emmanuel J. Candès;Stanford University
Chayes, Jennifer T.;Jennifer T. Chayes;
Chernoff, Herman;Herman Chernoff;Harvard University
Chorin, Alexandre J.;Alexandre J. Chorin;University of California, Berkeley
Cohen, Joel E.;Joel E. Cohen;The Rockefeller University
Coifman, Ronald R.;Ronald R. Coifman;Yale University
Colella, Phillip;Phillip Colella;Lawrence Berkeley National Laboratory
Cox, David;D. R. Cox;University of Oxford
Dafermos, Constantine M.;Constantine M. Dafermos;Brown University
Daubechies, Ingrid;Ingrid Daubechies;Duke University
Araujo, Aloisio;Aloisio Pessoa De Araujo;Institute of Pure and Applied Mathematics
DeVore, Ronald A.;Ronald De Vore;Texas A&M University-College Station
Demmel, James W.;James W. Demmel;University of California, Berkeley
Donoho, David L.;David L. Donoho;Stanford University
Durrett, Richard T.;Richard Durrett;Duke University
Efron, Bradley;Bradley Efron;Stanford University
Evans, Lawrence C.;Lawrence C. Evans;University of California, Berkeley
Evans, Steven N.;Steven N. Evans;University of California, Berkeley
Felsenstein, Joseph;Joseph Felsenstein;University of Washington
Fleming, Wendell H.;Wendell H. Fleming;Brown University
Friedman, Avner;Avner Friedman;The Ohio State University
Friedman, Jerome H.;Jerome H. Friedman;Stanford University
Fudenberg, Drew;Drew Fudenberg;Massachusetts Institute of Technology
Geman, Donald J.;Donald J. Geman;Johns Hopkins University
Geman, Stuart A.;Stuart Geman;Brown University
Glimm, James;James Glimm;Stony Brook University, The State University of Ne
Gomory, Ralph E.;Ralph E. Gomory;New York University
Goodman, Leo A.;Leo A. Goodman;University of California, Berkeley
Greengard, Leslie F.;Leslie Greengard;New York University
Groves, Robert M.;Robert M. Groves;Georgetown University
Hastie, Trevor J.;Trevor Hastie;Stanford University
Haussler, David;David Haussler;University of California, Santa Cruz
Hoffman, Alan J.;Alan J. Hoffman;International Business Machines Corporation
Hughes, Thomas J.;Thomas J. R. Hughes;The University of Texas at Austin
Johnstone, Iain M.;Iain M Johnstone;Stanford University
Jones, Peter W.;Peter Wilcox Jones;Yale University
Jordan, Michael I.;Michael I. Jordan;University of California, Berkeley
Karp, Richard M.;Richard M. Karp;University of California, Berkeley
Kauffmann, Guinevere;Guinevere Kauffmann;Max Planck Institute for Astrophysics
Kesten, Harry;Harry Kesten;Cornell University
King, Gary;Gary King;Harvard University
Kingman, John F.;John F.C. Kingman;University of Cambridge
Kopell, Nancy J.;Nancy Kopell;Boston University
Lawler, Gregory F.;Gregory F. Lawler;The University of Chicago
Lax, Peter D.;Peter D. Lax;New York University
Liggett, Thomas M.;Thomas Milton Liggett;University of California, Los Angeles
Majda, Andrew J.;Andrew J Majda;New York University
Malik, Jitendra;Jitendra Malik;University of California, Berkeley
Manski, Charles F.;Charles F. Manski;Northwestern University
Mare, Robert D.;Robert D. Mare;University of California, Los Angeles
McLaughlin, David W.;David W. McLaughlin;New York University
Meyer, Yves F.;Yves F. Meyer;Ecole Normale Superieure de Cachan
Moffatt, H. Keith;H. K. Moffatt;University of Cambridge
Mumford, David;David Mumford;Brown University
Murphy, Susan A.;Susan A. Murphy;Harvard University
Newman, Charles M.;Charles M. Newman;New York University
Osher, Stanley J.;Stanley Osher;University of California, Los Angeles
Palis, Jacob;Jacob Palis;Institute of Pure and Applied Mathematics
Papanicolaou, George C.;George Papanicolaou;Stanford University
Pearl, Judea;Judea Pearl;University of California, Los Angeles
Peres, Yuval;Yuval Peres;Microsoft Research
Peskin, Charles S.;Charles S. Peskin;New York University
Possingham, Hugh;Hugh P Possingham;The Nature Conservancy
Rabinowitz, Paul H.;Paul H. Rabinowitz;University of Wisconsin-Madison
Raftery, Adrian;Adrian E. Raftery;University of Washington
Rao, Calyampudi R.;Calyampudi Radhakrishna Rao;University at Buffalo, The State University of New
Reid, Nancy M.;Nancy M. Reid;University of Toronto
Roeder, Kathryn;Kathryn Roeder;Carnegie Mellon University
Rokhlin, Vladimir;Vladimir Rokhlin;Yale University
Rosenblatt, Murray;Murray Rosenblatt;University of California, San Diego
Roth, Alvin E.;Alvin E. Roth;Stanford University
Rubin, Donald B.;Donald B. Rubin;Harvard University
Saari, Donald G.;Donald G. Saari;University of California, Irvine
Seshadri, Conjeeveram S.;Conjeeveram S. Seshadri;Chennai Mathematical Institute
Sethian, James A.;James A. Sethian;University of California, Berkeley
Siegmund, David O.;David O. Siegmund;Stanford University
Singer, Burton H.;Burton H Singer;University of Florida
Spielman, Daniel A.;Daniel A. Spielman;Yale University
Strang, Gilbert;Gilbert Strang;Massachusetts Institute of Technology
Tavare, Simon;Simon Tavare;Columbia University
Thompson, Elizabeth A.;Elizabeth A. Thompson;University of Washington
Tibshirani, Robert J.;Robert J. Tibshirani;Stanford University
Varadhan, Srinivasa S.;Srinivasa S. R. Varadhan;New York University
Verdu, Sergio;Sergio Verdú;Princeton University
Wachter, Kenneth W.;Kenneth W. Wachter;University of California, Berkeley
Wahba, Grace;Grace Wahba;University of Wisconsin-Madison
Wasserman, Larry A.;Larry Wasserman;Carnegie Mellon University
Waterman, Michael S.;Michael S. Waterman;University of Southern California
Williams, Ruth J.;Ruth J. Williams;University of California, San Diego
Wilson, Robert B.;Robert B. Wilson;Stanford University
Wong, Wing H.;Wing Hung Wong;Stanford University
Wright, Margaret H.;Margaret H. Wright;New York University
Yau, Horng-Tzer;Horng-Tzer Yau;Harvard University
Young, William R.;William R. Young;University of California, San Diego
Yu, Bin;Bin Yu;University of California, Berkeley
de Boor, Carl R.;Carl de Boor;University of Wisconsin-Madison
