Ordenavel;NomeListado;Instituicao
Agard, David A.;David A Agard;University of California, San Francisco
Alberts, Bruce;Bruce Alberts;University of California, San Francisco
Alitalo, Kari;Kari Alitalo;University of Helsinki
Allende, Jorge E.;Jorge E. Allende;University of Chile
Allis, C. David;C. David Allis;The Rockefeller University
Ambros, Victor R.;Victor R. Ambros;University of Massachusetts Medical School
Amon, Angelika;Angelika Amon;Massachusetts Institute of Technology
Anderson, David J.;David J. Anderson;California Institute of Technology
Anderson, Kathryn V.;Kathryn V Anderson;Memorial Sloan Kettering Cancer Center
Banerjee, Utpal;Utpal Banerjee;University of California, Los Angeles
Beachy, Philip A.;Philip A. Beachy;Stanford University
Bell, Stephen P.;Stephen Bell;Massachusetts Institute of Technology
Bennett, Vann;Vann Bennett;Duke University
Berg, Paul;Paul Berg;Stanford University
Berger, Shelley L.;Shelley L. Berger;University of Pennsylvania
Bergmann, Dominique;Dominique C Bergmann;Stanford University
Berns, Anton J.;Anton Berns;The Netherlands Cancer Institute
Betzig, Eric;Eric Betzig;University of California, Berkeley
Biggins, Sue;Sue Biggins;Fred Hutchinson Cancer Research Center
Bird, Adrian;Adrian P. Bird;University of Edinburgh
Bissell, Mina J.;Mina J. Bissell;Lawrence Berkeley National Laboratory
Blau, Helen M.;Helen M. Blau;Stanford University
Borisy, Gary G.;Gary G. Borisy;The Forsyth Institute
Borst, P.;P. Borst;The Netherlands Cancer Institute
-;Michael R. Botchan;-
Branton, Daniel;Daniel Branton;Harvard University
Brinster, Ralph L.;Ralph L. Brinster;University of Pennsylvania
Bronner, Marianne;Marianne E. Bronner;California Institute of Technology
Brown, Donald D.;Donald D. Brown;Carnegie Institution for Science
Brugge, Joan S.;Joan S. Brugge;Harvard University
Buckingham, Margaret;Margaret Buckingham;Institut Pasteur
Campisi, Judith;Judith Campisi;Buck Institute for Research on Aging
Cantley, Lewis C.;Lewis C Cantley;Weill Cornell Medical College
Capecchi, Mario R.;Mario R. Capecchi;University of Utah
Carroll, Sean B.;Sean B. Carroll;Howard Hughes Medical Institute
Caspar, Donald L.;Donald Caspar;Florida State University
Cepko, Constance L.;Constance L Cepko;Harvard University
Chambon, Pierre;Pierre Chambon;Institut de Genetique et de Biologie Moleculaire et Cellulaire (IGBMC)
Ciechanover, Aaron J.;Aaron Ciechanover;Technion-Israel Institute of Technology
Cleveland, Don W.;Don W Cleveland;University of California, San Diego
Clevers, Hans;Hans Clevers;University Medical Centre Utrecht
Cohen, Stanley;Stanley Cohen;Vanderbilt University
Cossart, Pascale;Pascale Cossart;Institut Pasteur
Cuervo, Ana Maria;Ana Maria Cuervo;Albert Einstein College of Medicine
Darnell, James E.;James E. Darnell;The Rockefeller University
Dawid, Igor B.;Igor B. Dawid;National Institutes of Health
De Camilli, Pietro V.;Pietro De Camilli;Yale University
De Robertis, Edward M.;Edward M. De Robertis;University of California, Los Angeles
DeRosier, David J.;David J DeRosier;Brandeis University
Deshaies, Raymond J.;Raymond J. Deshaies;Amgen, Inc.
Desplan, Claude;Claude Desplan;New York University
Devreotes, Peter N.;Peter N Devreotes;Johns Hopkins University
Doe, Chris Q.;Chris Q Doe;University of Oregon
Dreyfuss, Gideon;Gideon Dreyfuss;University of Pennsylvania
Duboule, Denis;Denis Duboule;University of Geneva
Duesberg, Peter H.;Peter H. Duesberg;University of California, Berkeley
Eisenman, Robert N.;Robert N. Eisenman;Fred Hutchinson Cancer Research Center
Emr, Scott D.;Scott D. Emr;Cornell University
Engelman, Donald M.;Donald M. Engelman;Yale University
Eppig, John J.;John J. Eppig;The Jackson Laboratory
Erikson, R. L.;Raymond L. Erikson;Harvard University
Farquhar, Marilyn Gist;Marilyn G. Farquhar;University of California, San Diego
Felsenfeld, Gary;Gary Felsenfeld;National Institutes of Health
Fields, Stanley;Stanley Fields;University of Washington
Fire, Andrew Z.;Andrew Z. Fire;Stanford University
Frank, Joachim;Joachim Frank;Columbia University
Fuchs, Elaine;Elaine Fuchs;The Rockefeller University
Fuller, Margaret T.;Margaret T. Fuller;Stanford University
Gall, Joseph G.;Joseph G. Gall;Carnegie Institution for Science
Garcia-Bellido, Antonio;A. Garcia-Bellido;Consejo Superior de Investigaciones Cientificas (CSIC)
Gerhart, John C.;John Gerhart;University of California, Berkeley
Goldberg, Alfred L.;Alfred L. Goldberg;Harvard University
Green, Michael R.;Michael R. Green;University of Massachusetts Medical School
Greenberg, Michael E.;Michael E. Greenberg;Harvard University
Greenwald, Iva S.;Iva Greenwald;Columbia University
Greider, Carol W.;Carol Greider;Johns Hopkins University
Groudine, Mark;Mark Groudine;Fred Hutchinson Cancer Research Center
Gurdon, John B.;John B. Gurdon;University of Cambridge
Harland, Richard M.;Richard M. Harland;University of California, Berkeley
Hartwell, Leland H.;Leland H. Hartwell;Arizona State University
Haussler, David;David Haussler;University of California, Santa Cruz
Hawley, R. Scott;R. Scott Hawley;Stowers Institute for Medical Research
Heald, Rebecca;Rebecca Heald;University of California, Berkeley
Heuser, John E.;John E. Heuser;National Institutes of Health
Hogan, Brigid L.;Brigid L.M. Hogan;Duke University
Hogness, David S.;David S. Hogness;Stanford University
Hunt, Tim;Tim Hunt;Okinawa Institute of Science and Technology Graduate University
Hynes, Richard O.;Richard O. Hynes;Massachusetts Institute of Technology
Ip, Nancy Y.;Nancy Y. Ip;The Hong Kong University of Science and Technology
Jan, Yuh Nung;Yuh Nung Jan;University of California, San Francisco
Joklik, Wolfgang K.;Wolfgang K. Joklik;Duke University
Kahn, C. Ronald;C. Ronald Kahn;Harvard University
Kaufman, Thomas C.;Thomas C. Kaufman;Indiana University
-;Cynthia Kenyon;-
Kim, V. Narry;Narry Kim;Seoul National University
Kim, Peter S.;Peter S. Kim;Stanford University
Kimble, Judith;Judith Kimble;University of Wisconsin-Madison
Kingsley, David M.;David M. Kingsley;Stanford University
Kingston, Robert E.;Robert E Kingston;Harvard University
Kirschner, Marc W.;Marc W. Kirschner;Harvard University
Krasnow, Mark A.;Mark A. Krasnow;Stanford University
Krumlauf, Robb;Robb Krumlauf;Stowers Institute for Medical Research
Le Douarin, N. M.;Nicole M. Le Douarin;College de France
Leder, Philip;Philip Leder;Harvard University
Lee, Jeannie T.;Jeannie T. Lee;Harvard University
Lehmann, Ruth;Ruth Lehmann;New York University
Levine, Michael S.;Michael Levine;Princeton University
Lippincott-Schwartz, Jennifer;Jennifer Lippincott-Schwartz;Howard Hughes Medical Institute
Littman, Dan R.;Dan R. Littman;New York University
Lodish, Harvey F.;Harvey F. Lodish;Massachusetts Institute of Technology
Losick, Richard M.;Richard Losick;Harvard University
Mahowald, Anthony P.;Anthony P. Mahowald;The University of Chicago
Manley, Jim;James L. Manley;Columbia University
Marchesi, Vincent T.;Vincent T. Marchesi;Yale University
Marks, Paul A.;Paul A. Marks;Memorial Sloan Kettering Cancer Center
Martin, Gail R.;Gail R. Martin;University of California, San Francisco
Massague, Joan;Joan Massagué;Memorial Sloan Kettering Cancer Center
Mathis, Diane;Diane Mathis;Harvard University
Mattaj, Iain;Iain Mattaj;European Molecular Biology Laboratory
Mayor, Satyajit (Jitu);Satyajit Mayor;Tata Institute for Fundamental Research
McGinnis, William J.;William J. McGinnis;University of California, San Diego
McIntosh, J. Richard;J. Richard McIntosh;University of Colorado Boulder
McKnight, Steven L.;Steven L. McKnight;The University of Texas Southwestern Medical Center
Mellman, Ira;Ira Mellman;Genentech
Mello, Craig;Craig C Mello;University of Massachusetts Medical School
Melton, Douglas A.;Douglas A Melton;Harvard University
Meyer, Barbara J.;Barbara J. Meyer;University of California, Berkeley
Mintz, Beatrice;Beatrice Mintz;Fox Chase Cancer Center
Mitchison, Timothy J.;Timothy J. Mitchison;Harvard University
Moon, Randall T.;Randall T. Moon;University of Washington
Moore, Melissa J.;Melissa J. Moore;Moderna Therapeutics
Morata, Gines;Gines Morata;Spanish National Research Council (CSIC)
Nusslein-Volhard, Christiane;Christiane Nüsslein-Volhard;Max Planck Institute for Developmental Biology
Novick, Peter J.;Peter J. Novick;University of California, San Diego
Nunnari, Jodi M.;Jodi Nunnari;University of California, Davis
Nurse, Paul;Paul Nurse;The Francis Crick Institute
Nusse, Roeland;Roeland Nusse;Stanford University
O'Donnell, Michael E.;Michael E. O'Donnell;The Rockefeller University
O'Malley, Bert W.;Bert W. O'Malley;Baylor College of Medicine
Olson, Eric N.;Eric N. Olson;The University of Texas Southwestern Medical Center
Orci, Lelio;Lelio Orci;University of Geneva
Oren, Moshe;Moshe Oren;Weizmann Institute of Science
Orr-Weaver, Terry L.;Terry L. Orr-Weaver;Massachusetts Institute of Technology
Palmiter, Richard D.;Richard D. Palmiter;University of Washington
Parodi, Armando J.;Armando Parodi;Fundacion Instituto Leloir
Penman, Sheldon;Sheldon Penman;Massachusetts Institute of Technology
Perrimon, Norbert;Norbert Perrimon;Harvard University
Poethig, Richard S.;R. Scott Poethig;University of Pennsylvania
Pollard, Thomas D.;Thomas D. Pollard;Yale University
Pozzan, Tullio;Tullio Pozzan;University of Padua
Priess, James R.;James R. Priess;Fred Hutchinson Cancer Research Center
Pringle, John R.;John R Pringle;Stanford University
Rabinovich, Gabriel A.;Gabriel A Rabinovich;University of Buenos Aires
Raff, Martin C.;Martin C. Raff;University of London
Rao, Anjana;Anjana Rao;La Jolla Institute for Allergy and Immunology
Rapoport, Tom A.;Tom A. Rapoport;Harvard University
Reinberg, Danny;Danny Reinberg;New York University
Riddiford, Lynn M.;Lynn M. Riddiford;University of Washington
Riggs, Arthur D.;Arthur D. Riggs;City of Hope National Medical Center
Roeder, G. Shirleen;G. Shirleen Roeder;Yale University
Roeder, Robert G.;Robert G. Roeder;The Rockefeller University
Rosbash, Michael;Michael Rosbash;Brandeis University
Rossant, Janet;Janet Rossant;University of Toronto
Rothman, James E.;James E Rothman;Yale University
-;Joan V. Ruderman;-
Ruoslahti, Erkki;Erkki Ruoslahti;Sanford Burnham Prebys Medical Discovery Institute
Rutter, William J.;William J. Rutter;Synergenics, LLC
Ruvkun, Gary;Gary Ruvkun;Harvard University
Sanchez Alvarado, Alejandro;Alejandro Sánchez Alvarado;Stowers Institute for Medical Research
Sabatini, David D.;David D. Sabatini;New York University
Sabatini, David M.;David Sabatini;Massachusetts Institute of Technology
Schupbach, Gertrud M.;Trudi Schüpbach;Princeton University
Schekman, Randy W.;Randy Schekman;University of California, Berkeley
Schreiber, Stuart L.;Stuart L Schreiber;The Broad Institute
Scott, Matthew P.;Matthew P. Scott;Stanford University
Sedat, John W.;John W Sedat;University of California, San Francisco
Sehgal, Amita;Amita Sehgal;University of Pennsylvania
Seidel, George E.;George E. Seidel;Colorado State University
Shapiro, Lucy;Lucy Shapiro;Stanford University
Sharp, Phillip A.;Phillip A. Sharp;Massachusetts Institute of Technology
Shenk, Thomas E.;Thomas E Shenk;Princeton University
Sherr, Charles J.;Charles J Sherr;St. Jude Children's Research Hospital
Shubin, Neil H.;Neil H. Shubin;The University of Chicago
Siggia, Eric D.;Eric D. Siggia;The Rockefeller University
Simons, Kai;Kai Simons;Max Planck Institute of Molecular Cell Biology and Genetics
Singer, Robert H.;Robert H. Singer;Albert Einstein College of Medicine
Spencer, Thomas E.;Thomas E. Spencer;University of Missouri
Spradling, Allan C.;Allan C. Spradling;Carnegie Institution for Science
Spudich, James A.;James A Spudich;Stanford University
Stark, George R.;George R. Stark;Cleveland Clinic Foundation
Steitz, Joan A.;Joan A. Steitz;Yale University
Sternberg, Paul W.;Paul W Sternberg;California Institute of Technology
Stillman, Bruce W.;Bruce Stillman;Cold Spring Harbor Laboratory
Strome, Susan;Susan Strome;University of California, Santa Cruz
Struhl, Gary;Gary Struhl;Columbia University
Struhl, Kevin;Kevin Struhl;Harvard University
Tabin, Clifford J.;Clifford J. Tabin;Harvard University
Takeichi, Masatoshi;Masatoshi Takeichi;RIKEN
Taylor, Edwin W.;Edwin W. Taylor;Northwestern University
Thesleff, Irma;Irma Thesleff;University of Helsinki
Thomson, James;James A Thomson;Morgridge Institute for Research
Thorner, Jeremy W.;Jeremy W. Thorner;University of California, Berkeley
Tilghman, Shirley M.;Shirley M. Tilghman;Princeton University
Tilney, Lewis G.;Lewis G. Tilney;University of Pennsylvania
Tjian, Robert;Robert Tjian;University of California, Berkeley
Tonegawa, Susumu;Susumu Tonegawa;Massachusetts Institute of Technology
Vale, Ronald D.;Ronald D Vale;University of California, San Francisco
Varmus, Harold E.;Harold Varmus;Cornell University
Varshavsky, Alexander;Alexander Varshavsky;California Institute of Technology
VijayRaghavan, K.;K. VijayRaghavan;Tata Institute for Fundamental Research
Wagner, Gunter P.;Günter P. Wagner;Yale University
Walter, Peter;Peter Walter;University of California, San Francisco
Waterman, Clare M.;Clare M. Waterman;National Institutes of Health
Watt, Fiona M.;Fiona M. Watt;King's College
Werb, Zena;Zena Werb;University of California, San Francisco
Wickner, William T.;William Wickner;Dartmouth College
Wieschaus, Eric F.;Eric F. Wieschaus;Princeton University
Wilmut, Ian;Ian Wilmut;University of Edinburgh
Wood, William B.;William B Wood;University of Colorado Boulder
Wu, Carl;Carl Wu;Johns Hopkins University
Yamamoto, Keith R.;Keith R. Yamamoto;University of California, San Francisco
Young, Michael W.;Michael W. Young;The Rockefeller University
Young, Richard A.;Richard A. Young;Massachusetts Institute of Technology
Yuan, Junying;Junying Yuan;Harvard University
Zipursky, S. Lawrence;S. Lawrence Zipursky;University of California, Los Angeles
Zuker, Charles S.;Charles Zuker;Columbia University
del Pino, Eugenia M.;Eugenia M. del Pino;Pontificia Universidad Catolica del Ecuador
