Ordenavel;NomeListado;Instituicao
Agre, Peter C.;Peter Agre;Johns Hopkins University
Alter, Harvey J.;Harvey Alter;National Institutes of Health
Ames, Bruce N.;Bruce N. Ames;University of California, Berkeley
Andrews, Nancy C.;Nancy C. Andrews;Duke University
Austen, K. Frank;K Frank Austen;Harvard University
Baulieu, Etienne-Emile;Etienne-Emile Baulieu;College de France
Braunwald, Eugene;Eugene Braunwald;Harvard University
Breslow, Jan L.;Jan L. Breslow;The Rockefeller University
Brown, Michael S.;Michael S. Brown;The University of Texas Southwestern Medical Center
Brown, Myles A.;Myles Brown;Harvard University
Burg, Maurice B.;Maurice B Burg;National Institutes of Health
Campbell, Kevin P.;Kevin P Campbell;The University of Iowa
Cerami, Anthony;Anthony Cerami;Araim Pharmaceuticals, Inc.
Church, George M.;George M. Church;Harvard University
Clements, John A.;John A. Clements;University of California, San Francisco
Cohen, Philip;Philip Cohen;University of Dundee
Coller, Barry S.;Barry S. Coller;The Rockefeller University
Cone, Roger D.;Roger D. Cone;University of Michigan
Coughlin, Shaun R.;Shaun R. Coughlin;Novartis Institutes for Biomedical Research, Inc.
Cousins, Robert J.;Robert J. Cousins;University of Florida
Cuatrecasas, Pedro M.;Pedro M. Cuatrecasas;University of California, San Diego
Cuervo, Ana Maria;Ana Maria Cuervo;Albert Einstein College of Medicine
Davis, Roger J.;Roger J. Davis;University of Massachusetts Medical School
Dietz, Harry C.;Harry C. Dietz;Johns Hopkins University
Donahoe, Patricia K.;Patricia K Donahoe;Harvard University
Endo, Akira;Akira Endo;Tokyo University of Agriculture and Technology
Evans, Ronald M.;Ronald M Evans;Salk Institute for Biological Studies
Ferrara, Napoleone;Napoleone Ferrara;University of California, San Diego
Friedman, Jeffrey M.;Jeffrey M Friedman;The Rockefeller University
Friesen, Henry G.;Henry G. Friesen;University of Manitoba
Fu, Ying-Hui;Ying-Hui Fu;University of California, San Francisco
Gimbrone, Michael A.;Michael A. Gimbrone;Harvard University
Ginsburg, David;David Ginsburg;University of Michigan
Glass, Christopher K.;Christopher K Glass;University of California, San Diego
Goldstein, Joseph L.;Joseph L. Goldstein;The University of Texas Southwestern Medical Center
Goodman, Richard H.;Richard H. Goodman;Oregon Health & Science University
Gordon, Jeffrey I.;Jeffrey I. Gordon;Washington University in St. Louis
Guillemin, Roger;Roger Guillemin;Salk Institute for Biological Studies
Gustafsson, Jan-Ake;Jan-Åke Gustafsson;University of Houston
Hall, Michael N.;Michael N. Hall;University of Basel
Hobbs, Helen H.;Helen H. Hobbs;The University of Texas Southwestern Medical Center
Hoffman, Joseph F.;Joseph F Hoffman;Yale University
Hooper, Lora V.;Lora V. Hooper;The University of Texas Southwestern Medical Center
Isselbacher, Kurt J.;Kurt J. Isselbacher;Harvard University
Jordan, V. Craig;V. Craig Jordan;The University of Texas MD Anderson Cancer Center
Kahn, Barbara B.;Barbara B Kahn;Harvard University
Kahn, C. Ronald;C. Ronald Kahn;Harvard University
Karin, Michael;Michael Karin;University of California, San Diego
Kastner, Daniel L.;Daniel L. Kastner;National Institutes of Health
Keating, Mark T.;Mark T. Keating;Novartis Institutes for Biomedical Research, Inc.
Kliewer, Steven A.;Steven A. Kliewer;The University of Texas Southwestern Medical Center
Kobilka, Brian K.;Brian K Kobilka;Stanford University
Krieger, Monty;Monty Krieger;Massachusetts Institute of Technology
Lazar, Mitchell A.;Mitchell A. Lazar;University of Pennsylvania
Lee, Se-Jin;Se-Jin Lee;University of Connecticut System
Lefkowitz, Robert J.;Robert J Lefkowitz;Duke University
Lifton, Richard P.;Richard P. Lifton;The Rockefeller University
Mahley, Robert W.;Robert W. Mahley;The J. David Gladstone Institutes
Mangelsdorf, David J.;David J. Mangelsdorf;The University of Texas Southwestern Medical Center
Marks, Andrew R.;Andrew R. Marks;Columbia University
Mignot, Emmanuel;Emmanuel Jean-Marie Mignot;Stanford University
Moncada, Salvador;Salvador Moncada;University of Manchester
Montminy, Marc R.;Marc Montminy;Salk Institute for Biological Studies
Moore, David D.;David D. Moore;Baylor College of Medicine
Mootha, Vamsi K.;Vamsi K. Mootha;Harvard University
Murad, Ferid;Ferid Murad;The George Washington University
Nakanishi, Shigetada;Shigetada Nakanishi;Suntory Foundation for Life Sciences Bioorganic Research Institute
New, Maria I.;Maria I New;Icahn School of Medicine at Mount Sinai
O'Malley, Bert W.;Bert W. O'Malley;Baylor College of Medicine
O'Rahilly, Stephen;Stephen O'Rahilly;University of Cambridge
Padron, Raul;Raúl Padrón;University of Massachusetts Medical School
Pastan, Ira;Ira Pastan;National Institutes of Health
Pollak, Martin R.;Martin R. Pollak;Harvard University
Potts, John T.;John T. Potts;Harvard University
Prusiner, Stanley B.;Stanley B. Prusiner;University of California, San Francisco
Ptacek, Louis J.;Louis J. Ptáček;University of California, San Francisco
Radi, Rafael;Rafael Radi;Universidad de la Republica
Roberts, R. Michael;R. Michael Roberts;University of Missouri-Columbia
Rosenberg, Leon E.;Leon E. Rosenberg;Princeton University
Rosenfeld, Michael G.;Michael G. Rosenfeld;University of California, San Diego
Ross, A. Catharine;A. Catharine Ross;The Pennsylvania State University
Russell, David W.;David W. Russell;The University of Texas Southwestern Medical Center
Seidman, Christine E.;Christine E Seidman;Harvard University
Seidman, Jonathan G.;Jonathan Seidman;Harvard University
Semenza, Gregg L.;Gregg L. Semenza;Johns Hopkins University
Shulman, Gerald I.;Gerald I Shulman;Yale University
Sommer, Alfred;Alfred Sommer;Johns Hopkins University
Spiegelman, Bruce M.;Bruce M. Spiegelman;Harvard University
Unger, Roger H.;Roger H. Unger;The University of Texas Southwestern Medical Center
Wakil, Salih J.;Salih J. Wakil;Baylor College of Medicine
Welsh, Michael J.;Michael J. Welsh;The University of Iowa
Werb, Zena;Zena Werb;University of California, San Francisco
Wilson, Jean D.;Jean D. Wilson;The University of Texas Southwestern Medical Center
Yamanaka, Shinya;Shinya Yamanaka;Kyoto University
Yanagisawa, Masashi;Masashi Yanagisawa;The University of Texas Southwestern Medical Center
Yokoyama, Wayne M.;Wayne M. Yokoyama;Washington University in St. Louis
Young, Stephen G.;Stephen G. Young;University of California, Los Angeles
Zechner, Rudolf;Rudolf Zechner;University of Graz
