Ordenavel;NomeListado;Instituicao
't Hooft, G.;G. 't Hooft;Utrecht University
Abbott, Larry;L. F. Abbott;Columbia University
Adelberger, Eric G.;Eric G. Adelberger;University of Washington
Adler, Stephen L.;Stephen L. Adler;Institute for Advanced Study
Aeppli, Gabriel;Gabriel Aeppli;ETH Zurich
Aharonov, Yakir;Yakir Aharonov;Chapman University
Ahlers, Guenter;Guenter Ahlers;University of California, Santa Barbara
Alcock, Charles;Charles Alcock;Center for Astrophysics, Harvard & Smithsonian
Alivisatos, A. Paul;A. Paul Alivisatos;University of California, Berkeley
Altshuler, Boris L.;Boris L. Altshuler;Columbia University
Anderson, Philip W.;Philip W. Anderson;Princeton University
Andrei, Eva Y.;Eva Y Andrei;Rutgers, The State University of New Jersey, New Brunswick
Arkani-Hamed, Nima;Nima Arkani-Hamed;Institute for Advanced Study
Arnett, David;W David Arnett;University of Arizona
Ashcroft, N. W.;N. W. Ashcroft;Cornell University
Ashkin, Arthur;Arthur Ashkin;Bell Labs
Ashtekar, Abhay V.;Abhay V. Ashtekar;The Pennsylvania State University
Aspect, Alain;Alain Aspect;Institut d'Optique
Aspnes, David E.;David E. Aspnes;North Carolina State University
Austin, Robert H.;Robert H. Austin;Princeton University
Awschalom, David D.;D. D. Awschalom;The University of Chicago
Bagnato, Vanderlei S.;Vanderlei S. Bagnato;University of Sao Paulo
Bahcall, Neta A.;Neta A. Bahcall;Princeton University
Balbus, Steven A.;Steven A Balbus;University of Oxford
Balents, Leon;Leon Balents;University of California, Santa Barbara
-;James M. Bardeen;-
Bardeen, William A.;William A Bardeen;Fermi National Accelerator Laboratory
Barish, Barry C.;Barry C. Barish;California Institute of Technology
Bawendi, Moungi G.;Moungi G Bawendi;Massachusetts Institute of Technology
Baym, Gordon A.;Gordon Baym;University of Illinois at Urbana-Champaign
Bell Burnell, S. Jocelyn;S. Jocelyn Bell Burnell;University of Oxford
Benedek, George B.;George B. Benedek;Massachusetts Institute of Technology
Bennett, Charles L.;Charles L. Bennett;Johns Hopkins University
Bergquist, James C.;James C. Bergquist;National Institute of Standards and Technology
Berry, Michael;Michael Berry;University of Bristol
Berry, R. Stephen;R. Stephen Berry;The University of Chicago
Bialek, William;William Bialek;Princeton University
Bildsten, Lars;Lars Bildsten;University of California, Santa Barbara
Birgeneau, Robert J.;Robert J. Birgeneau;University of California, Berkeley
Bjorken, James Daniel;James Daniel Bjorken;Stanford University
Blandford, Roger D.;Roger D. Blandford;Stanford University
Blatt, Rainer;Rainer Blatt;University of Innsbruck
Block, Steven M.;Steven M. Block;Stanford University
Boehm, Felix;Felix Boehm;California Institute of Technology
Bond, J. Richard;J. Richard Bond;University of Toronto
Brezin, Edouard;Edouard Brézin;Ecole Normale Superieure
Branscomb, Lewis M.;Lewis M. Branscomb;University of California, San Diego
Brinkman, William F.;W F. Brinkman;Princeton University
Brus, Louis E.;Louis E. Brus;Columbia University
Buckingham, A. David;A. David Buckingham;University of Cambridge
Bucksbaum, Philip H.;Philip H. Bucksbaum;Stanford University
Bunster, Claudio W.;Claudio Bunster;Centro de Estudios Cientificos
Burrows, Adam S.;Adam S Burrows;Princeton University
Byer, Robert L.;Robert L. Byer;Stanford University
Callan, Curtis G.;Curtis G. Callan, Jr.;Princeton University
Canizares, Claude R.;Claude R. Canizares;Massachusetts Institute of Technology
Carlstrom, John E.;John E. Carlstrom;The University of Chicago
Ceperley, David M.;David Ceperley;University of Illinois at Urbana-Champaign
Cesarsky, Catherine;Catherine Cesarsky;CEA Saclay
Chaikin, Paul M.;Paul M. Chaikin;New York University
Chan, Moses H.;Moses H. W. Chan;The Pennsylvania State University
Charbonneau, David;David Charbonneau;Harvard University
Christodoulou, Demetrios;Demetrios Christodoulou;ETH Zurich
Chu, Steven;Steven Chu;Stanford University
Clark, Noel A.;Noel A. Clark;University of Colorado Boulder
Clarke, John;John Clarke;University of California, Berkeley
Cohen, Marvin L.;Marvin L. Cohen;University of California, Berkeley
Cohen, Morrel H.;Morrel H. Cohen;Rutgers, The State University of New Jersey, New Brunswick
Cohen-Tannoudji, Claude;Claude Cohen-Tannoudji;College de France
-;Leon N Cooper;-
Coppersmith, Susan N.;Susan N. Coppersmith;University of New South Wales
Corkum, Paul B.;Paul B. Corkum;University of Ottawa
Cornell, Eric A.;Eric A. Cornell;National Institute of Standards and Technology
Courant, Ernest D.;Ernest D. Courant;Brookhaven National Laboratory
Cowsik, Ramanath;Ramanath Cowsik;Washington University in St. Louis
Crabtree, George W.;George W. Crabtree;University of Illinois at Chicago
Crim, F. Fleming;F. Fleming Crim;University of Wisconsin-Madison
Davidovich, Luiz;L. Davidovich;Federal University of Rio de Janeiro
Davis, J. C. Seamus;J.C. Séamus Davis;University College Cork
Davis, Marc;Marc Davis;University of California, Berkeley
Deser, Stanley;Stanley Deser;California Institute of Technology
Dine, Michael;Michael Dine;University of California, Santa Cruz
Draine, Bruce T.;Bruce T. Draine;Princeton University
Drell, Persis S.;Persis S. Drell;Stanford University
Dynes, Robert C.;Robert C. Dynes;University of California, San Diego
Dyson, Freeman J.;Freeman J. Dyson;Institute for Advanced Study
Eigler, Donald M.;Donald M. Eigler;The Wetnose Institute for Advanced Pelagic Studies
Eisenstein, Daniel;Daniel Eisenstein;Harvard University
Eisenstein, James P.;James P. Eisenstein;California Institute of Technology
Ekers, Ronald D.;Ronald D. Ekers;Commonwealth Scientific and Industrial Research Organization
Faber, Sandra M.;Sandra M. Faber;University of California, Santa Cruz
Falcone, Roger W.;Roger W, Falcone;University of California, Berkeley
Field, George B.;George B. Field;Center for Astrophysics, Harvard & Smithsonian
Field, Robert W.;Robert W. Field;Massachusetts Institute of Technology
Filippenko, Alexei V.;Alexei V. Filippenko;University of California, Berkeley
Fisher, Daniel S.;Daniel S. Fisher;Stanford University
Fisher, Matthew P.;Matthew P. A. Fisher;University of California, Santa Barbara
Fortov, Vladimir E.;Vladimir E. Fortov;Russian Academy of Sciences
Fortson, E. Norval;E. Norval Fortson;University of Washington
Fowler, T. Kenneth;T Kenneth Fowler;University of California, Berkeley
Fradkin, Eduardo;Eduardo Fradkin;University of Illinois at Urbana-Champaign
Frauenfelder, Hans;Hans Frauenfelder;Los Alamos National Laboratory
Freedman, Michael H.;Michael H. Freedman;Microsoft Corporation
Freedman, Wendy L.;Wendy Freedman;The University of Chicago
Frenkel, Igor B.;Igor B. Frenkel;Yale University
Friedman, Jerome I.;Jerome I. Friedman;Massachusetts Institute of Technology
Gabrielse, Gerald;Gerald Gabrielse;Northwestern University
Gaillard, Mary K.;Mary K. Gaillard;University of California, Berkeley
Garwin, Richard L.;Richard L. Garwin;International Business Machines Corporation
Gates, S. James;S. James Gates Jr.;Brown University
Geim, Andre;A. K. Geim;University of Manchester
Geller, Margaret J.;Margaret J. Geller;Smithsonian Astrophysical Observatory
Georgi, Howard;Howard Georgi;Harvard University
Ghez, Andrea M.;Andrea M. Ghez;University of California, Los Angeles
Gianotti, Fabiola;Fabiola Gianotti;European Organization for Nuclear Research
Girvin, Steven M.;Steven M. Girvin;Yale University
Glashow, Sheldon L.;Sheldon L. Glashow;Boston University
Goldenfeld, Nigel D.;Nigel Goldenfeld;University of Illinois at Urbana-Champaign
Goldman, Allen M.;Allen M. Goldman;University of Minnesota System
Gonzalez, Gabriela;Gabriela Gonzalez;Louisiana State University
Greene, Chris H.;Chris H. Greene;Purdue University
Greene, Laura H.;Laura H Greene;Florida State University
Gross, David J.;David J. Gross;University of California, Santa Barbara
Gruebele, Martin;Martin Gruebele;University of Illinois at Urbana-Champaign
Guinea, Francisco;Francisco Guinea;IMDEA Nanociencia (Imdea Nanoscience)
Guth, Alan H.;Alan H. Guth;Massachusetts Institute of Technology
Haensch, Theodor W.;Theodor W. Hänsch;Max Planck Institute for Quantum Optics
Ha, Taekjip;Taekjip Ha;Johns Hopkins University
Haeberli, Willy;Willy Haeberli;University of Wisconsin-Madison
Haldane, F. Duncan M.;Frederick Duncan M. Haldane;Princeton University
Hall, John L.;John L. Hall;University of Colorado Boulder
Halperin, Bertrand I.;Bertrand I. Halperin;Harvard University
Happer, William;William Happer;Princeton University
Haroche, Serge;Serge Haroche;College de France
Harris, Stephen E.;Stephen E. Harris;Stanford University
Harrison, Fiona A.;Fiona A. Harrison;California Institute of Technology
Hartle, James B.;James Hartle;University of California, Santa Barbara
Harvey, Jeffrey A.;Jeffrey A. Harvey;The University of Chicago
Haxton, Wick C.;Wick C. Haxton;University of California, Berkeley
Hebard, Arthur F.;Arthur F. Hebard;University of Florida
Heeger, Alan J.;Alan J. Heeger;University of California, Santa Barbara
Hell, Stefan W.;Stefan W. Hell;Max Planck Institute for Biophysical Chemistry
Hernquist, Lars E.;Lars E Hernquist;Center for Astrophysics, Harvard & Smithsonian
Herschbach, Dudley R.;Dudley Herschbach;Texas A&M University-College Station
Hess, Harald;Harald F. Hess;Howard Hughes Medical Institute
Hess, Karl;Karl Hess;University of Illinois at Urbana-Champaign
Hofer, Helmut;Helmut Hofer;Institute for Advanced Study
Hopfield, John J.;John J. Hopfield;Princeton University
Horowitz, Gary T.;Gary T Horowitz;University of California, Santa Barbara
Hu, Wayne;Wayne Hu;The University of Chicago
Huse, David A.;David A Huse;Princeton University
Ihm, Jisoon;Jisoon Ihm;Pohang University of Science and Technology
Incandela, Joseph;Joseph Incandela;University of California, Santa Barbara
Jacak, Barbara V.;Barbara V. Jacak;Lawrence Berkeley National Laboratory
Jackiw, Roman;Roman Jackiw;Massachusetts Institute of Technology
Jaffe, Arthur M.;Arthur M. Jaffe;Harvard University
Joannopoulos, John D.;John D. Joannopoulos;Massachusetts Institute of Technology
Kac, Victor;Victor Kac;Massachusetts Institute of Technology
Kalogera, Vassiliki (Vicky);Vassiliki (Vicky) Kalogera;Northwestern University
Kamionkowski, Marc P.;Marc P. Kamionkowski;Johns Hopkins University
Kane, Charles L.;Charles L. Kane;University of Pennsylvania
Kapitulnik, Aharon;Aharon Kapitulnik;Stanford University
Kaplan, David B.;David B. Kaplan;University of Washington
Kapteyn, Henry;Henry C. Kapteyn;University of Colorado Boulder
Kardar, Mehran;Mehran Kardar;Massachusetts Institute of Technology
Kaspi, Victoria M.;Victoria M. Kaspi;McGill University
Kastner, Marc A.;Marc A. Kastner;Science Philanthropy Alliance
Kellermann, K. I.;K. I. Kellermann;National Radio Astronomy Observatory
Kennicutt, Robert C.;Robert C. Kennicutt;University of Arizona
Ketterle, Wolfgang;Wolfgang Ketterle;Massachusetts Institute of Technology
Kimble, H. Jeffrey;H. J. Kimble;California Institute of Technology
Kinoshita, Toichiro;Toichiro Kinoshita;University of Massachusetts at Amherst
Kivelson, Steven A.;Steven A. Kivelson;Stanford University
Klebanov, Igor R.;Igor R. Klebanov;Princeton University
Klein, Miles V.;Miles V. Klein;University of Illinois at Urbana-Champaign
Kleppner, Daniel;Daniel Kleppner;Massachusetts Institute of Technology
Kondo, Jun;Jun Kondo;National Institute of Advanced Industrial Science and Technology
Koonin, Steven E.;Steven E. Koonin;New York University
Koshiba, Masatoshi;Masatoshi Koshiba;University of Tokyo
Kosterlitz, J. Michael;J. Michael Kosterlitz;Brown University
Kouveliotou, Chryssa;Chryssa Kouveliotou;The George Washington University
L'Huillier, Anne;Anne L'Huillier;Lund University
Langer, James S.;James S. Langer;University of California, Santa Barbara
Laughlin, Robert B.;Robert B. Laughlin;Stanford University
Lee, David M.;David M. Lee;Texas A&M University-College Station
Lee, Tsung-Dao;Tsung-Dao Lee;Columbia University
Lee, Yuan T.;Yuan T. Lee;Academia Sinica (Taiwan)
Leggett, Anthony;Anthony Leggett;University of Illinois at Urbana-Champaign
Leibler, Stanislas;Stanislas Leibler;The Rockefeller University
Leone, Stephen R.;Stephen R. Leone;University of California, Berkeley
Levine, Herbert;Herbert Levine;Rice University
Libchaber, Albert;Albert Libchaber;The Rockefeller University
Lieb, Elliott H.;Elliott H. Lieb;Princeton University
Linde, Andrei;Andrei Linde;Stanford University
Lineberger, W. Carl;W. Carl Lineberger;University of Colorado Boulder
Lipson, Michal;Michal Lipson;Columbia University
Liu, Andrea J.;Andrea J. Liu;University of Pennsylvania
Louie, Steven G.;Steven G. Louie;University of California, Berkeley
Lubensky, Tom C.;Tom C. Lubensky;University of Pennsylvania
Lukin, Mikhail D.;Mikhail D. Lukin;Harvard University
Mueller, K. Alex;K. Alex Müller;University of Zurich
MacDonald, Allan H.;Allan H MacDonald;The University of Texas at Austin
Maldacena, Juan;Juan Maldacena;Institute for Advanced Study
Maple, M. Brian;M. Brian Maple;University of California, San Diego
Marcus, Charles M.;Charles M. Marcus;University of Copenhagen
Martinez, Todd J.;Todd J. Martinez;Stanford University
Mather, John C.;John C. Mather;NASA Goddard Space Flight Center
Mavalvala, Nergis;Nergis Mavalvala;Massachusetts Institute of Technology
Max, Claire E.;Claire E. Max;University of California, Santa Cruz
McDonald, Arthur B.;Arthur B. McDonald;Queen's University
McEuen, Paul L.;Paul L. McEuen;Cornell University
McKee, Christopher F.;Christopher F. McKee;University of California, Berkeley
Mele, Eugene J.;Eugene J. Mele;University of Pennsylvania
Mermin, N. David;N. David Mermin;Cornell University
Monroe, Christopher;Christopher Monroe;University of Maryland, College Park
Moran, James M.;James M. Moran;Center for Astrophysics, Harvard & Smithsonian
Mottelson, Ben R.;Ben R. Mottelson;Nordic Institute for Theoretical Physics
Mukamel, Shaul;Shaul Mukamel;University of California, Irvine
Murnane, Margaret M.;Margaret M. Murnane;University of Colorado Boulder
Nagel, Sidney R.;Sidney R. Nagel;The University of Chicago
Narayan, Ramesh;Ramesh Narayan;Center for Astrophysics, Harvard & Smithsonian
Nelson, Ann E.;Ann E. Nelson;University of Washington
Nelson, David R.;David R. Nelson;Harvard University
Nieminen, Risto M.;Risto Nieminen;Aalto University School of Science and Technology
Nitzan, Abraham;Abraham Nitzan;University of Pennsylvania
Novoselov, Konstantin S.;Konstantin S. Novoselov;National University of Singapore
Nygren, David R.;David R. Nygren;The University of Texas at Arlington
Oddone, Piermaria J.;Piermaria J. Oddone;Fermi National Accelerator Laboratory
Ong, Nai Phuan;N. Phuan Ong;Princeton University
Onuchic, Jose N.;José N. Onuchic;Rice University
Osheroff, Douglas D.;Douglas D. Osheroff;Stanford University
Ostriker, Jeremiah P.;Jeremiah P. Ostriker;Columbia University
Page, Lyman A.;Lyman A. Page;Princeton University
Palmer, Robert B.;Robert B. Palmer;Brookhaven National Laboratory
Parisi, Giorgio;Giorgio Parisi;University of Rome
Parker, Eugene N.;Eugene N. Parker;The University of Chicago
Parkin, Stuart S.;S. S. P. Parkin;Max Planck Institute of Microstructure Physics
Pellegrini, Claudio;Claudio Pellegrini;University of California, Los Angeles
Pendry, John B.;John B. Pendry;University of London
Penrose, Roger;Roger Penrose;University of Oxford
Perlmutter, Saul;Saul Perlmutter;Lawrence Berkeley National Laboratory
Pfeiffer, Loren N.;Loren N. Pfeiffer;Princeton University
Phillips, William D.;William D. Phillips;National Institute of Standards and Technology
Polyakov, Alexander;Alexandre Polyakov;Princeton University
Prescott, Charles Y.;Charles Young Prescott;Stanford University
Preskill, John;John Preskill;California Institute of Technology
Pritchard, David E.;David E. Pritchard;Massachusetts Institute of Technology
Pulkkinen, Tuija;Tuija Pulkkinen;University of Michigan
Quake, Stephen R.;Stephen R. Quake;Stanford University
Quinn, Helen R.;Helen R Quinn;Stanford University
Rabe, Karin M.;Karin M Rabe;Rutgers, The State University of New Jersey, New Brunswick
Randall, Lisa;Lisa J Randall;Harvard University
Rao, C. N. R.;C. N. R. Rao;Jawaharlal Nehru Centre for Advanced Scientific Research
Read, Nicholas;Nicholas Read;Yale University
Readhead, Anthony C.;Anthony C. S. Readhead;California Institute of Technology
Redfield, Alfred G.;Alfred G. Redfield;Brandeis University
Reid, Mark J.;Mark J. Reid;Center for Astrophysics, Harvard & Smithsonian
Reppy, John D.;John D. Reppy;Cornell University
Richards, Paul L.;Paul L. Richards;University of California, Berkeley
Richmond, Geraldine L.;Geraldine L. Richmond;University of Oregon
Rieke, George H.;George H. Rieke;University of Arizona
Rieke, Marcia J.;Marcia J. Rieke;University of Arizona
Riess, Adam G.;Adam G. Riess;Johns Hopkins University
Robertson, R. G. Hamish;R.G. Hamish Robertson;University of Washington
Rubbia, Carlo;Carlo Rubbia;European Organization for Nuclear Research
Rubio, Angel;Angel Rubio;Max Planck Institute for the Structure & Dynamics
Ruderman, Malvin A.;Malvin A. Ruderman;Columbia University
Ruelle, David P.;David P. Ruelle;Institut des Hautes Etudes Scientifiques
Sachdev, Subir;Subir Sachdev;Harvard University
Sadoulet, Bernard;Bernard Sadoulet;University of California, Berkeley
Samios, Nicholas P.;N P Samios;Brookhaven National Laboratory
Sandweiss, Jack;Jack Sandweiss;Yale University
Sarachik, Myriam P.;Myriam P. Sarachik;The City College of the City University of New York
Scalapino, Douglas J.;Douglas J. J. Scalapino;University of California, Santa Barbara
Schellnhuber, Hans Joachim;Hans Joachim Schellnhuber;Potsdam Institute for Climate Impact Research
Schiffer, John P.;John P. Schiffer;Argonne National Laboratory
Schmidt, Brian P.;Brian P. Schmidt;Australian National University
Schoelkopf, Robert J.;Robert J. Schoelkopf;Yale University
Schrieffer, J. Robert;J Robert Schrieffer;Florida State University
Schutz, Bernard F.;Bernard F. Schutz;Cardiff University
Schwarz, John H.;John H. Schwarz;California Institute of Technology
Sciulli, Frank J.;Frank J. Sciulli;Columbia University
Scully, Marlan O.;Marlan O. Scully;Texas A&M University-College Station
Seager, Sara;Sara Seager;Massachusetts Institute of Technology
Segev, Mordechai (Moti);Mordechai (Moti) Segev;Technion-Israel Institute of Technology
Seiberg, Nathan;Nathan Seiberg;Institute for Advanced Study
Seljak, Uros;Uros Seljak;University of California, Berkeley
Sham, Lu Jeu;Lu Jeu Sham;University of California, San Diego
Shapiro, Irwin I.;Irwin I. Shapiro;Center for Astrophysics, Harvard & Smithsonian
Shen, Zhi-Xun;Zhi-Xun Shen;Stanford University
Shenker, Stephen H.;Stephen H Shenker;Stanford University
Shifman, Mikhail;Mikhail Shifman;University of Minnesota
Shochet, Melvyn J.;Melvyn J. Shochet;The University of Chicago
Shraiman, Boris I.;Boris I. Shraiman;University of California, Santa Barbara
Siggia, Eric D.;Eric D. Siggia;The Rockefeller University
Silk, Joseph;Joseph Silk;Universite Pierre et Marie Curie
Simon, Barry;Barry Simon;California Institute of Technology
Simons, James H.;James H. Simons;Simons Foundation
Smoot, George;George Smoot;Lawrence Berkeley National Laboratory
Son, Dam Thanh;Dam Thanh Son;The University of Chicago
Spencer, Thomas C.;Thomas C. Spencer;Institute for Advanced Study
Spergel, David N.;David N. Spergel;Princeton University
Starobinsky, Alexei A.;Alexei Alexandrovich Starobinsky;Russian Academy of Sciences
-;J Steinberger;-
Steinhardt, Paul J.;Paul J. Steinhardt;Princeton University
Strominger, Andrew;Andrew Strominger;Harvard University
Suhl, Harry;Harry Suhl;University of California, San Diego
Susskind, Leonard;Leonard Susskind;Stanford University
Swinney, Harry L.;Harry L. Swinney;The University of Texas at Austin
Tank, David W.;David W. Tank;Princeton University
Teukolsky, Saul A.;Saul A. Teukolsky;Cornell University
Thorne, Kip S.;Kip S. Thorne;California Institute of Technology
Tigner, Maury;Maury Tigner;Cornell University
Ting, Samuel C.;Samuel C. C. Ting;Massachusetts Institute of Technology
Title, Alan M.;Alan M. Title;Lockheed Martin Corporation
Tollestrup, Alvin V.;Alvin V. Tollestrup;Fermi National Accelerator Laboratory
Tonry, John L.;John L. Tonry;University of Hawaii at Manoa
Tosatti, Erio;Erio Tosatti;International School for Advanced Studies
Tremaine, Scott D.;Scott Tremaine;Institute for Advanced Study
Trilling, George H.;George H. Trilling;Lawrence Berkeley National Laboratory
Truhlar, Donald G.;Donald G. Truhlar;University of Minnesota System
Turner, Michael S.;Michael S. Turner;The University of Chicago
Tyson, J. Anthony;J. Anthony Tyson;University of California, Davis
Urry, C. Megan;C. Megan Urry;Yale University
Vafa, Cumrun;Cumrun Vafa;Harvard University
Van Duyne, Richard P.;Richard P. Van Duyne;Northwestern University
Van Harlingen, Dale J.;Dale Van Harlingen;University of Illinois at Urbana-Champaign
Vanderbilt, David;David Vanderbilt;Rutgers, The State University of New Jersey, New Brunswick
Vazirani, Umesh V.;Umesh V. Vazirani;University of California, Berkeley
Veltman, Martinus;Martinus Veltman;University of Michigan
Wald, Robert M.;Robert M. Wald;The University of Chicago
Watson, Kenneth M.;Kenneth M. Watson;University of California, San Diego
Weinberg, Steven;Steven Weinberg;The University of Texas at Austin
Weiss, Rainer;Rainer Weiss;Massachusetts Institute of Technology
Wen, Xiao-Gang;Xiao-Gang Wen;Massachusetts Institute of Technology
White, Simon D.;Simon D.M. White;Max Planck Institute for Astrophysics
White, Steven R.;Steven White;University of California, Irvine
Wieman, Carl E.;Carl E. Wieman;Stanford University
Wilczek, Frank A.;Frank A. Wilczek;Massachusetts Institute of Technology
Will, Clifford M.;Clifford M. Will;University of Florida
Wilson, Robert W.;Robert W. Wilson;Center for Astrophysics, Harvard & Smithsonian
Wineland, David J.;David J. Wineland;University of Oregon
Wise, Mark B.;Mark B. Wise;California Institute of Technology
Witherell, Michael S.;Michael S. Witherell;
Witten, Edward;Edward Witten;Institute for Advanced Study
Woosley, Stanford E.;Stanford E. Woosley;University of California, Santa Cruz
Wright, Edward L.;Edward L. Wright;University of California, Los Angeles
Wu, Maw-Kuen;Maw-Kuen Wu;Academia Sinica (Taiwan)
Yacoby, Amir;Amir Yacoby;Harvard University
Yang, Chen N.;Chen Ning Yang;Tsinghua University
Yau, S-T.;S-T Yau;Harvard University
Yazdani, Ali;Ali Yazdani;Princeton University
Ye, Jun;Jun Ye;National Institute of Standards and Technology
Zaldarriaga, Matias;Matias Zaldarriaga;Institute for Advanced Study
Zamolodchikov, Alexander B.;Alexander B. Zamolodchikov;Stony Brook University, The State University of Ne
Zeilinger, Anton;Anton Zeilinger;Austrian Academy of Sciences
Zhang, Jie;Jie Zhang;Shanghai Jiao Tong University
Zhou, Guangzhao;Guangzhao Zhou;China Association for Science and Technology
Zoller, Peter;Peter Zoller;University of Innsbruck
Zweig, George;George Zweig;Massachusetts Institute of Technology
