Ordenavel;NomeListado;Instituicao
Amasino, Richard M.;Richard M. Amasino;University of Wisconsin-Madison
Arntzen, Charles J.;Charles J. Arntzen;Arizona State University
Aro, Eva-Mari;Eva-Mari Aro;University of Turku
Ausubel, Frederick M.;Frederick M. Ausubel;Harvard University
Bailey-Serres, Julia;Julia Bailey-Serres;University of California, Riverside
Baldwin, Ian T.;Ian T Baldwin;Max Planck Institute for Chemical Ecology
Bartel, Bonnie;Bonnie Bartel;Rice University
Baulcombe, David;David C Baulcombe;University of Cambridge
Beachy, Roger N.;Roger N. Beachy;Washington University in St. Louis
Benfey, Philip;Philip N. Benfey;Duke University
Bennetzen, Jeffrey L.;Jeffrey L Bennetzen;University of Georgia
Bergelson, Joy M.;Joy M. Bergelson;The University of Chicago
Bergmann, Dominique;Dominique C Bergmann;Stanford University
Bjorkman, Olle;Olle E Bjorkman;Carnegie Institution for Science
Boyer, John S.;John S. Boyer;University of Missouri-Columbia
Briggs, Steven P.;Steven P. Briggs;University of California, San Diego
Buchanan, Bob B.;Bob B. Buchanan;University of California, Berkeley
Bukovac, Martin J.;Martin J. Bukovac;Michigan State University
Carrington, James C.;James C Carrington;Donald Danforth Plant Science Center
Cashmore, Anthony R.;Anthony R. Cashmore;University of Pennsylvania
Chandler, Vicki L.;Vicki L. Chandler;Keck Graduate Institute of Applied Life Sciences
Chen, Xuemei;Xuemei Chen;University of California, Riverside
Chory, Joanne;Joanne Chory;Salk Institute for Biological Studies
Chrispeels, Maarten J.;Maarten J. Chrispeels;University of California, San Diego
Clarke, Adrienne;Adrienne Clarke;University of Melbourne
Coen, Enrico;Enrico Coen;John Innes Centre
Coruzzi, Gloria M.;Gloria M. Coruzzi;New York University
Cosgrove, Daniel J.;Daniel J Cosgrove;The Pennsylvania State University
Coupland, George;George Coupland;Max Planck Institute for Plant Breeding Research
Croteau, Rodney B.;Rodney B. Croteau;Washington State University
Dangl, Jeffery L.;Jeffery L. Dangl;The University of North Carolina at Chapel Hill
Dean, Caroline;Caroline Dean;John Innes Centre
Delmer, Deborah P.;Deborah P Delmer;University of California, Davis
Deng, Xing-Wang;Xing Wang Deng;Peking University
Dilcher, David L.;David Dilcher;Indiana University
Dixon, Richard A.;Richard A. Dixon;University of North Texas
Doebley, John F.;John F Doebley;University of Wisconsin-Madison
Dong, Xinnian;Xinnian Dong;Duke University
Dubcovsky, Jorge;Jorge Dubcovsky;University of California, Davis
Ecker, Joseph R.;Joseph R Ecker;Salk Institute for Biological Studies
Epstein, Emanuel;Emanuel Epstein;University of California, Davis
Estelle, Mark;Mark Estelle;University of California, San Diego
Farquhar, Graham D.;Graham D. Farquhar;Australian National University
Fedoroff, Nina;Nina V Fedoroff;
Fischer, Robert L.;Robert L Fischer;University of California, Berkeley
Gantt, Elisabeth;Elisabeth Gantt;University of Maryland, College Park
Goldberg, Robert B.;Robert B. Goldberg;University of California, Los Angeles
Golden, Susan S.;Susan S Golden;University of California, San Diego
Goodman, Major M.;Major M. Goodman;North Carolina State University
Guerinot, Mary Lou;Mary Lou Guerinot;Dartmouth College
Hahlbrock, Klaus;Klaus Hahlbrock;Max Planck Institute for Plant Breeding Research
Hake, Sarah;Sarah Hake;U.S. Department of Agriculture
Harrison, Maria J.;Maria J. Harrison;Cornell University
Haselkorn, Robert;Robert Haselkorn;The University of Chicago
Hatch, Marshall D.;Marshall D. Hatch;Commonwealth Scientific and Industrial Research Organization
He, Sheng Yang;Sheng Yang He;Michigan State University
Herrera-Estrella, Luis;Luis Herrera-Estrella;Center for Research and Advanced Studies
Jacobsen, Steven E.;Steven E. Jacobsen;University of California, Los Angeles
Joliot, Pierre A.;Pierre A. Joliot;Institut de Biologie Physico-Chimique
Jones, Jonathan D.;Jonathan D. G. Jones;The Sainsbury Laboratory
Jones, Monty P.;Monty Patrick Jones;Forum for Agricultural Research in Africa
Kay, Steve A.;Steve A. Kay;University of Southern California
Keegstra, Kenneth;Kenneth Keegstra;Michigan State University
Kerr, Allen;Allen Kerr;University of Adelaide
Klee, Harry J.;Harry J. Klee;University of Florida
Kondorosi, Eva;Éva Kondorosi;Hungarian Academy of Sciences
Koornneef, Maarten;Maarten Koornneef;Wageningen University and Research Centre
Lagarias, J. Clark;John Clark Lagarias;University of California, Davis
Langdale, Jane A.;Jane A. Langdale;University of Oxford
Larkins, Brian A.;Brian A. Larkins;University of Arizona
Leyser, Ottoline;Ottoline Leyser;University of Cambridge
Li, Jiayang;Jiayang Li;Chinese Academy of Sciences
Long, Sharon R.;Sharon R. Long;Stanford University
Long, Stephen P.;Stephen P. Long;University of Illinois at Urbana-Champaign
MacRobbie, Enid;Enid A C MacRobbie;University of Cambridge
Merchant, Sabeeha S.;Sabeeha S Merchant;University of California, Berkeley
Meyerowitz, Elliot M.;Elliot M. Meyerowitz;California Institute of Technology
Nasrallah, June B.;June B. Nasrallah;Cornell University
Newcomb, Eldon H.;Eldon H. Newcomb;University of Wisconsin-Madison
Niyogi, Krishna K.;Krishna K. Niyogi;University of California, Berkeley
Ogren, William L.;William L. Ogren;U.S. Department of Agriculture
Ort, Donald R.;Donald R Ort;University of Illinois at Urbana-Champaign
Palacios, Rafael;Rafael Palacios;Universidad Nacional Autonoma de Mexico
Palmer, Jeffrey D.;Jeffrey D. Palmer;Indiana University
Peacock, Jim;Jim Peacock;Commonwealth Scientific and Industrial Research Organization
Phillips, Ronald L.;Ronald L. Phillips;University of Minnesota System
Pikaard, Craig S.;Craig S Pikaard;Indiana University
Poethig, Richard S.;R. Scott Poethig;University of Pennsylvania
Quail, Peter H.;Peter H. Quail;University of California, Berkeley
Raikhel, Natasha V.;Natasha V. Raikhel;University of California, Riverside
Schaal, Barbara A.;Barbara A. Schaal;Washington University in St. Louis
Schmitt, Johanna;Johanna Schmitt;University of California, Davis
Schroeder, Julian I.;Julian I. Schroeder;University of California, San Diego
Schulze-Lefert, Paul;Paul Schulze-Lefert;Max Planck Institute for Plant Breeding Research
Shepherd, Robert J.;Robert J. Shepherd;University of Kentucky
Soltis, Douglas E.;Douglas E. Soltis;University of Florida
Soltis, Pamela S.;Pamela S Soltis;University of Florida
Somerville, Christopher R.;Chris R. Somerville;Open Philanthropy Project
Staskawicz, Brian J.;Brian J. Staskawicz;University of California, Berkeley
Tanksley, Steven D.;Steven Tanksley;Cornell University
Theologis, Athanasios;Athanasios Theologis;University of California, Berkeley
Thomashow, Michael F.;Michael F. Thomashow;Michigan State University
Van Montagu, Marc C.;Marc Van Montagu;Ghent University
Vierstra, Richard D.;Richard D. Vierstra;Washington University in St. Louis
Weigel, Detlef;Detlef Weigel;Max Planck Institute for Developmental Biology
Wessler, Susan R.;Susan R Wessler;University of California, Riverside
Yen, Douglas E.;Douglas E. Yen;Australian National University
Yuan, Longping;Longping Yuan;China National Hybrid Rice Research and Development Center
Zambryski, Patricia C.;P. Zambryski;University of California, Berkeley
