Ordenavel;NomeListado;Instituicao
Ahmed, Rafi;Rafi Ahmed;Emory University
Akira, Shizuo;Shizuo Akira;Osaka University
Allison, James P.;James P. Allison;The University of Texas MD Anderson Cancer Center
Alt, Frederick W.;Frederick W Alt;Harvard University
Austen, K. Frank;K Frank Austen;Harvard University
Baltimore, David;David Baltimore;California Institute of Technology
Belkaid, Yasmine;Yasmine Belkaid;National Institutes of Health
Benoist, Christophe;Christophe Benoist;Harvard University
Beutler, Bruce;Bruce Beutler;The University of Texas Southwestern Medical Center
Bevan, Michael J.;Michael J. Bevan;University of Washington
Bloom, Barry R.;Barry R. Bloom;Harvard University
Boon, Thierry;Thierry Boon;Ludwig Institute for Cancer Research Ltd.
Brenner, Michael B.;Michael B. Brenner;Harvard University
Buckley, Rebecca H.;Rebecca H. Buckley;Duke University
Cahalan, Michael D.;Michael D. Cahalan;University of California, Irvine
Cantor, Harvey;Harvey Cantor;Harvard University
Carson, Dennis A.;Dennis A. Carson;University of California, San Diego
Casanova, Jean-Laurent;Jean-Laurent Casanova;The Rockefeller University
Chakraborty, Arup K.;Arup K. Chakraborty;Massachusetts Institute of Technology
Chen, Zhijian (James);Zhijian J Chen;The University of Texas Southwestern Medical Center
Chisari, Francis V.;Francis V. Chisari;Scripps Research
Choppin, Purnell W.;Purnell W. Choppin;Howard Hughes Medical Institute
Coffman, Robert L.;Robert L. Coffman;Dynavax Technologies
Colonna, Marco;Marco Colonna;Washington University in St. Louis
Cooper, Max D.;Max D. Cooper;Emory University
Cory, Suzanne;Suzanne Cory;University of Melbourne
Crabtree, Gerald R.;Gerald R. Crabtree;Stanford University
Cresswell, Peter;Peter Cresswell;Yale University
Cyster, Jason G.;Jason G. Cyster;University of California, San Francisco
Dalla-Favera, Riccardo;Riccardo Dalla-Favera;Columbia University
Davis, Mark M.;Mark M. Davis;Stanford University
Dinarello, Charles A.;Charles A. Dinarello;University of Colorado at Denver
Dixit, Vishva M.;Vishva M Dixit;Genentech
Doherty, Peter;Peter C Doherty;University of Melbourne
Estes, Mary K.;Mary K. Estes;Baylor College of Medicine
Fauci, Anthony S.;Anthony S. Fauci;National Institutes of Health
Fearon, Douglas T.;Douglas T. Fearon;Cold Spring Harbor Laboratory
Feldmann, Marc;Marc Feldmann;University of Oxford
Fischer, Alain;Alain Fischer;Institut Imagine
Flavell, Richard A.;Richard A Flavell;Yale University
Garcia, K. Christopher;KC (Chris) Christopher Garcia;Stanford University
Garcia-Sastre, Adolfo;Adolfo Garcia-Sastre;Icahn School of Medicine at Mount Sinai
Germain, Ronald N.;Ronald N. Germain;National Institutes of Health
Glimcher, Laurie H.;Laurie H Glimcher;Harvard University
Goodnow, Christopher C.;Christopher C. Goodnow;Garvan Institute of Medical Research
Gowans, James;James Gowans;University of Oxford
Grey, Howard M.;Howard M. Grey;La Jolla Institute for Allergy and Immunology
Griffin, Diane E.;Diane E. Griffin;Johns Hopkins University
Hoffmann, Jules A.;Jules A. Hoffmann;Centre National de la Recherche Scientifique
Honjo, Tasuku;Tasuku Honjo;Kyoto University
Hood, Leroy E.;Leroy Hood;Institute for Systems Biology
Hooper, Lora V.;Lora V. Hooper;The University of Texas Southwestern Medical Center
Ishizaka, Kimishige;Kimishige Ishizaka;Yamagata University
Iwasaki, Akiko;Akiko Iwasaki;Yale University
Kappler, John W.;John W. Kappler;National Jewish Health
Karin, Michael;Michael Karin;University of California, San Diego
Kasper, Dennis L.;Dennis L Kasper;Harvard University
Kieff, Elliott D.;Elliott Kieff;Harvard University
Kishimoto, Tadamitsu;Tadamitsu Kishimoto;Osaka University
Lanier, Lewis L.;Lewis L. Lanier;University of California, San Francisco
Lee, Ho-Wang;Ho-Wang Lee;Hantaan Life Science Foundation
Lenardo, Michael J.;Michael J. Lenardo;National Institutes of Health
Leonard, Warren J.;Warren J. Leonard;National Institutes of Health
Levy, Ronald;Ronald Levy;Stanford University
Littman, Dan R.;Dan R. Littman;New York University
Locksley, Richard M.;Richard M. Locksley;University of California, San Francisco
Maini, Ravinder;Ravinder N Maini;University of London
Mak, Tak Wah;Tak W. Mak;University of Toronto
Marrack, Philippa;Philippa Marrack;National Jewish Health
Mathis, Diane;Diane Mathis;Harvard University
McDevitt, Hugh O.;Hugh O. McDevitt;Stanford University
Medzhitov, Ruslan;Ruslan Medzhitov;Yale University
Mellman, Ira;Ira Mellman;Genentech
Miller, Jacques F.;Jacques F. A. P. Miller;University of Melbourne
Miller, Louis H.;Louis H. Miller;National Institutes of Health
Mitchison, N. Avrion;N Avrion Mitchison;University of London
Murphy, Kenneth M.;Kenneth M. Murphy;Washington University in St. Louis
Nagata, Shigekazu;Shigekazu Nagata;Osaka University
Nathan, Carl F.;Carl F. Nathan;Cornell University
Normark, Staffan;Staffan Normark;Karolinska Institute
Nossal, Gustav J.;Gustav J. Nossal;University of Melbourne
Nussenzweig, Michel C.;Michel C. Nussenzweig;The Rockefeller University
Oldstone, Michael B.;Michael B.A. Oldstone;Scripps Research
Palese, Peter;Peter Palese;Icahn School of Medicine at Mount Sinai
Peiris, Joseph Sriyal Malik;Malik Peiris;The University of Hong Kong
Ploegh, Hidde L.;Hidde L. Ploegh;Harvard University
Purcell, Robert H.;Robert H. Purcell;National Institutes of Health
Rabinovich, Gabriel A.;Gabriel A Rabinovich;University of Buenos Aires
Rajewsky, Klaus;Klaus Rajewsky;Max-Delbruck-Center for Molecular Medicine
Ramakrishnan, Lalita;Lalita Ramakrishnan;University of Cambridge
Rao, Anjana;Anjana Rao;La Jolla Institute for Allergy and Immunology
Rappuoli, Rino;Rino Rappuoli;GSK Vaccines
Raulet, David;David Raulet;University of California, Berkeley
Ravetch, Jeffrey;Jeffrey V. Ravetch;The Rockefeller University
Regev, Aviv;Aviv Regev;The Broad Institute
Reth, Michael;Michael Reth;University of Freiburg
Rudensky, Alexander;Alexander Y. Rudensky;Memorial Sloan Kettering Cancer Center
Sakaguchi, Shimon;Shimon Sakaguchi;Osaka University
Sansonetti, Philippe;Philippe J. Sansonetti;Institut Pasteur
Scharff, Matthew D.;Matthew D. Scharff;Albert Einstein College of Medicine
Schatz, David G.;David G. Schatz;Yale University
Schlossman, Stuart F.;Stuart F. Schlossman;Harvard University
Schreiber, Robert D.;Robert D. Schreiber;Washington University in St. Louis
Sela, Michael;Michael Sela;Weizmann Institute of Science
Sharpe, Arlene H.;Arlene H Sharpe;Harvard University
Siliciano, Robert F.;Robert F. Siliciano;Johns Hopkins University
Spear, Patricia G.;Patricia G. Spear;Northwestern University
Sprent, Jonathan;Jonathan Sprent;Garvan Institute of Medical Research
Springer, Timothy A.;Timothy A. Springer;Harvard University
Staudt, Louis M.;Louis M. Staudt;National Institutes of Health
Steinman, Lawrence;Lawrence Steinman;Stanford University
Strominger, Jack L.;Jack L. Strominger;Harvard University
Taniguchi, Tadatsugu;Tadatsugu Taniguchi;University of Tokyo
Thompson, Craig B.;Craig B. Thompson;Memorial Sloan Kettering Cancer Center
Uhr, Jonathan W.;Jonathan W. Uhr;The University of Texas Southwestern Medical Center
Unanue, Emil R.;Emil R. Unanue;Washington University in St. Louis
Virgin, Herbert W.;Herbert W Virgin;Vir Biotechnology, Inc.
Vitetta, Ellen S.;Ellen S. Vitetta;The University of Texas Southwestern Medical Center
Waldmann, Thomas A.;Thomas A Waldmann;National Institutes of Health
Weigert, Martin G.;Martin G. Weigert;The University of Chicago
Weiss, Arthur;Arthur Weiss;University of California, San Francisco
Weissman, Irving L.;Irving L Weissman;Stanford University
Witte, Owen N.;Owen N Witte;University of California, Los Angeles
Wu, Hao;Hao Wu;Harvard University
Yancopoulos, George D.;George D Yancopoulos;Regeneron Pharmaceuticals, Inc.
Yokoyama, Wayne M.;Wayne M. Yokoyama;Washington University in St. Louis
Zinkernagel, Rolf M.;Rolf M Zinkernagel;University of Zurich
