Ordenavel;NomeListado;Instituicao
Adleman, Leonard M.;Leonard M. Adleman;University of Southern California
Agol, Ian;Ian Agol;University of California, Berkeley
Agrawal, Manindra;Manindra Agrawal;Indian Institute of Technology
Aizenman, Michael;Michael Aizenman;Princeton University
Andrews, George E.;George E. Andrews;The Pennsylvania State University
Arora, Sanjeev;Sanjeev Arora;Princeton University
Arthur, James;James Arthur;University of Toronto
Artin, Michael;Michael Artin;Massachusetts Institute of Technology
Aschbacher, Michael;Michael Aschbacher;California Institute of Technology
Askey, Richard A.;Richard A Askey;University of Wisconsin-Madison
Aumann, Robert J.;Robert J. Aumann;The Hebrew University of Jerusalem
Avila, Artur;Artur Avila;University of Zurich
-;Hyman Bass;-
Bell, John B.;John B. Bell;Lawrence Berkeley National Laboratory
Bernstein, Joseph;Joseph Bernstein;Tel Aviv University
Bertozzi, Andrea L.;Andrea L. Bertozzi;University of California, Los Angeles
Bhargava, Manjul;Manjul Bhargava;Princeton University
Bloch, Spencer J.;Spencer J. Bloch;The University of Chicago
Blum, Manuel;Manuel Blum;Carnegie Mellon University
Bombieri, Enrico;Enrico Bombieri;Institute for Advanced Study
Borcherds, Richard E.;Richard E. Borcherds;University of California, Berkeley
Bramson, Maury D.;Maury D. Bramson;University of Minnesota
Brezis, Haim;Haim Brezis;Rutgers, The State University of New Jersey, New Brunswick
Browder, William;William Browder;Princeton University
Bryant, Robert L.;Robert L. Bryant;Duke University
Caffarelli, Luis A.;Luis A. Caffarelli;The University of Texas at Austin
Caflisch, Russel E.;Russel E. Caflisch;New York University
Calabi, Eugenio;Eugenio Calabi;University of Pennsylvania
Carleson, Lennart A.;Lennart A. Carleson;KTH-Royal Institute of Technology
Chang, Sun-Yung Alice;Sun-Yung Alice Chang;Princeton University
Cheeger, Jeff;Jeff Cheeger;New York University
Chorin, Alexandre J.;Alexandre J. Chorin;University of California, Berkeley
Christodoulou, Demetrios;Demetrios Christodoulou;ETH Zurich
Connes, Alain;Alain Connes;College de France
Cook, Stephen A.;Stephen A. Cook;University of Toronto
Daubechies, Ingrid;Ingrid Daubechies;Duke University
DeVore, Ronald A.;Ronald De Vore;Texas A&M University-College Station
Deift, Percy A.;Percy A. Deift;New York University
Deligne, Pierre;Pierre Deligne;Institute for Advanced Study
Diaconis, Persi;Persi Diaconis;Stanford University
Donaldson, Simon K.;Simon K. Donaldson;University of London
Drinfeld, Vladimir;Vladimir Drinfeld;The University of Chicago
Eliashberg, Yakov;Yakov Eliashberg;Stanford University
Elkies, Noam D.;Noam D. Elkies;Harvard University
Eskin, Alex;Alex Eskin;The University of Chicago
Evans, Lawrence C.;Lawrence C. Evans;University of California, Berkeley
Evans, Steven N.;Steven N. Evans;University of California, Berkeley
Faltings, Gerd;Gerd Faltings;Max Planck Institute for Mathematics
Fefferman, Charles L.;Charles L. Fefferman;Princeton University
Freedman, Michael H.;Michael H. Freedman;Microsoft Corporation
Frenkel, Igor B.;Igor B. Frenkel;Yale University
Friedman, Avner;Avner Friedman;The Ohio State University
Fulton, William;William Fulton;University of Michigan
Furstenberg, Hillel H.;Hillel H. Furstenberg;The Hebrew University of Jerusalem
Gabai, David;David Gabai;Princeton University
Gates, S. James;S. James Gates Jr.;Brown University
Glimm, James;James Glimm;Stony Brook University, The State University of Ne
Goldwasser, Shafrira;Shafrira Goldwasser;Massachusetts Institute of Technology
Graham, Ronald L.;Ronald L. Graham;University of California, San Diego
Griffiths, Phillip A.;Phillip A. Griffiths;Institute for Advanced Study
Gromov, M.;M. Gromov;Institut des Hautes Etudes Scientifiques
Gross, Benedict H.;Benedict H. Gross;Harvard University
Guillemin, Victor;Victor Guillemin;Massachusetts Institute of Technology
Hacon, Christopher D.;Christopher D. Hacon;University of Utah
Hamilton, Richard S.;Richard S. Hamilton;Columbia University
Harris, Joseph;Joseph Harris;Harvard University
Hartmanis, Juris;Juris Hartmanis;Cornell University
Harvey, Jeffrey A.;Jeffrey A. Harvey;The University of Chicago
Hochster, Melvin;Melvin Hochster;University of Michigan
Hofer, Helmut;Helmut Hofer;Institute for Advanced Study
Hopkins, Michael J.;Michael J. Hopkins;Harvard University
Howe, Roger;Roger E. Howe;Yale University
Iwaniec, Henryk;Henryk Iwaniec;Rutgers, The State University of New Jersey, New Brunswick
Jackiw, Roman;Roman Jackiw;Massachusetts Institute of Technology
Jaffe, Arthur M.;Arthur M. Jaffe;Harvard University
Jones, Peter W.;Peter Wilcox Jones;Yale University
Jones, Vaughan F.;Vaughan F. Jones;Vanderbilt University
Kac, Victor;Victor Kac;Massachusetts Institute of Technology
Katz, Nicholas M.;Nicholas M. Katz;Princeton University
Kazhdan, David;David Kazhdan;The Hebrew University of Jerusalem
Kenig, Carlos E.;Carlos E. Kenig;The University of Chicago
Kesten, Harry;Harry Kesten;Cornell University
Kingman, John F.;John F.C. Kingman;University of Cambridge
Kirby, Robion C.;Robion Kirby;University of California, Berkeley
Klainerman, Sergiu;Sergiu Klainerman;Princeton University
Knuth, Donald E.;Donald E. Knuth;Stanford University
Kohn, Joseph J.;Joseph J. Kohn;Princeton University
Kollar, Janos;János Kollár;Princeton University
Kontsevich, Maxim;Maxim Kontsevich;Institut des Hautes Etudes Scientifiques
Kra, Bryna R.;Bryna R. Kra;Northwestern University
Langlands, Robert P.;Robert P. Langlands;Institute for Advanced Study
Lawler, Gregory F.;Gregory F. Lawler;The University of Chicago
Lawson, H. Blaine;H Blaine Lawson;Stony Brook University, The State University of Ne
Lax, Peter D.;Peter D. Lax;New York University
Lebowitz, Joel L.;Joel L. Lebowitz;Rutgers, The State University of New Jersey, New Brunswick
Leighton, F. Thomson;Frank Thomson Leighton;Akamai Technologies, Inc.
Levin, Leonid A.;Leonid A. Levin;Boston University
Lieb, Elliott H.;Elliott H. Lieb;Princeton University
Liggett, Thomas M.;Thomas Milton Liggett;University of California, Los Angeles
Lovasz, Laszlo;Laszlo Lovasz;Eotvos Lorand University
Lusztig, George;George Lusztig;Massachusetts Institute of Technology
MacPherson, Robert;Robert MacPherson;Institute for Advanced Study
Margulis, Gregory A.;Gregory A. Margulis;Yale University
Mazur, Barry C.;Barry Mazur;Harvard University
McDuff, Dusa;Dusa McDuff;Barnard College
McKean, Henry P.;Henry P. McKean;New York University
McMullen, Curtis T.;Curtis T. McMullen;Harvard University
Meyer, Yves F.;Yves F. Meyer;Ecole Normale Superieure de Cachan
Milnor, John W.;John W. Milnor;Stony Brook University, The State University of Ne
Morgan, John W.;John Willard Morgan;Columbia University
Mori, Shigefumi;Shigefumi Mori;Kyoto University
Mrowka, Tomasz S.;Tomasz S. Mrowka;Massachusetts Institute of Technology
Mumford, David;David Mumford;Brown University
Nirenberg, Louis;Louis Nirenberg;New York University
Novikov, Sergei P.;Sergei P. Novikov;University of Maryland, College Park
Okounkov, Andrei;Andrei Okounkov;Columbia University
Ornstein, Donald S.;Donald S. Ornstein;Stanford University
Osher, Stanley J.;Stanley Osher;University of California, Los Angeles
Ozsvath, Peter S.;Peter S. Ozsvath;Princeton University
Palis, Jacob;Jacob Palis;Institute of Pure and Applied Mathematics
Papanicolaou, George C.;George Papanicolaou;Stanford University
Peres, Yuval;Yuval Peres;Microsoft Research
Rabinowitz, Paul H.;Paul H. Rabinowitz;University of Wisconsin-Madison
Ribet, Kenneth A.;Kenneth A. Ribet;University of California, Berkeley
Rosenblatt, Murray;Murray Rosenblatt;University of California, San Diego
Ruelle, David P.;David P. Ruelle;Institut des Hautes Etudes Scientifiques
Sarnak, Peter;Peter Sarnak;Princeton University
Sato, Mikio;Mikio Sato;Kyoto University
Schoen, Richard M.;Richard M. Schoen;University of California, Irvine
Scott, Dana S.;Dana S. Scott;Carnegie Mellon University
Serre, Jean-Pierre;Jean-Pierre Serre;College de France
Seshadri, Conjeeveram S.;Conjeeveram S. Seshadri;Chennai Mathematical Institute
Siegmund, David O.;David O. Siegmund;Stanford University
Simon, Barry;Barry Simon;California Institute of Technology
Simons, James H.;James H. Simons;Simons Foundation
Sinai, Iakov G.;Iakov G. Sinai;Princeton University
Singer, I. M.;I M. Singer;Massachusetts Institute of Technology
Siu, Yum-Tong;Yum-Tong Siu;Harvard University
Smale, Stephen;Stephen Smale;University of California, Berkeley
Smith, Karen E.;Karen E. Smith;University of Michigan
Solovay, Robert;Robert Solovay;University of California, Berkeley
Spencer, Thomas C.;Thomas C. Spencer;Institute for Advanced Study
Stanley, Richard P.;Richard P. Stanley;University of Miami
Stark, Harold M.;Harold M. Stark;University of California, San Diego
Sternberg, Shlomo;Shlomo Sternberg;Harvard University
Stroock, Daniel W.;Daniel W. Stroock;Massachusetts Institute of Technology
Sudan, Madhu;Madhu Sudan;Harvard University
Sullivan, Dennis P.;Dennis P. Sullivan;Stony Brook University, The State University of Ne
Swan, Richard G.;Richard G. Swan;The University of Chicago
Szemeredi, Endre;Endre Szemerédi;Rutgers, The State University of New Jersey, New Brunswick
Tao, Terence C.;Terence Chi-Shen Tao;University of California, Los Angeles
Tardos, Eva;Eva Tardos;Cornell University
Tarjan, Robert E.;Robert E. Tarjan;Princeton University
Tate, John T.;John T. Tate;Harvard University
Taubes, Clifford H.;Clifford H. Taubes;Harvard University
Taylor, Richard L.;Richard Lawrence Taylor;Stanford University
Thompson, J. G.;J G Thompson;University of Florida
Tits, Jacques;Jacques Tits;College de France
Uhlenbeck, Karen K.;Karen K. Uhlenbeck;The University of Texas at Austin
Vafa, Cumrun;Cumrun Vafa;Harvard University
Varadhan, Srinivasa S.;Srinivasa S. R. Varadhan;New York University
Vogan, David A.;David Alexander Vogan;Massachusetts Institute of Technology
Voiculescu, Dan-Virgil;Dan-Virgil Voiculescu;University of California, Berkeley
Voisin, Claire;Claire Voisin;College de France
Wigderson, Avi;Avi Wigderson;Institute for Advanced Study
Wiles, Andrew J.;Andrew J. Wiles;University of Oxford
Williams, Ruth J.;Ruth J. Williams;University of California, San Diego
Yau, Horng-Tzer;Horng-Tzer Yau;Harvard University
Yau, S-T.;S-T Yau;Harvard University
Zagier, Don B.;Don Zagier;Max Planck Institute for Mathematics
Zelmanov, Efim I.;Efim I. Zelmanov;University of California, San Diego
de Boor, Carl R.;Carl de Boor;University of Wisconsin-Madison
